<?xml version="1.0" encoding="UTF-8" ?>
<!-- pola klasy Rejestracja:
id,imie,nazwisko,wiek,miasto,telefon,waga,wzrost,plec,nr_startowy,oplata,godzina_start,
                 idzawodow,nazwa,dlugosc_trasy,miejsce,limit_czasowy,liczba_zawodnikow -->

<lista_startowa>
    <zarejestrowany_zawodnik>
        <id_osoby>56</id_osoby>
        <imie>Roma</imie>
        <nazwisko>Kot</nazwisko>
        <wiek>32</wiek>
        <miasto>Toruń</miasto>
        <telefon>543234123</telefon>
        <waga>52</waga>
        <wzrost>165</wzrost>
        <plec>k</plec>
        <nr_startowy>127</nr_startowy>
        <oplata>230</oplata>
        <godzina_start>4:00</godzina_start>
        <idzawodow>34</idzawodow>
        <nazwa>Gorce Ultra Trail</nazwa>
        <dlugosc_trasy>102</dlugosc_trasy>
        <limit_czasowy>1080</limit_czasowy>
        <liczba_zawodnikow>500</liczba_zawodnikow>
    </zarejestrowany_zawodnik>
    <zarejestrowany_zawodnik>
        <id_osoby>12</id_osoby>
        <imie>Tomasz</imie>
        <nazwisko>Kowal</nazwisko>
        <wiek>66</wiek>
        <miasto>Lublin</miasto>
        <telefon>433222111</telefon>
        <waga>73</waga>
        <wzrost>175</wzrost>
        <plec>m</plec>
        <nr_startowy>566</nr_startowy>
        <oplata>190</oplata>
        <godzina_start>6:00</godzina_start>
        <idzawodow>34</idzawodow>
        <nazwa>Gorce Ultra Trail</nazwa>
        <dlugosc_trasy>84</dlugosc_trasy>
        <limit_czasowy>800</limit_czasowy>
        <liczba_zawodnikow>400</liczba_zawodnikow>
    </zarejestrowany_zawodnik>
    <zarejestrowany_zawodnik>
        <id_osoby>112</id_osoby>
        <imie>Olga</imie>
        <nazwisko>Nowak</nazwisko>
        <wiek>42</wiek>
        <miasto>Warszawa</miasto>
        <telefon>865433222</telefon>
        <waga>49</waga>
        <wzrost>160</wzrost>
        <plec>k</plec>
        <nr_startowy>612</nr_startowy>
        <oplata>150</oplata>
        <godzina_start>7:00</godzina_start>
        <idzawodow>34</idzawodow>
        <nazwa>Gorce Ultra Trail</nazwa>
        <dlugosc_trasy>32</dlugosc_trasy>
        <limit_czasowy>360</limit_czasowy>
        <liczba_zawodnikow>550</liczba_zawodnikow>
    </zarejestrowany_zawodnik>

</lista_startowa>